-- MySQL dump 10.16  Distrib 10.1.38-MariaDB, for Win32 (AMD64)
--
-- Host: localhost    Database: OnlineDeliveryService
-- ------------------------------------------------------
-- Server version	10.1.38-MariaDB

/*!40101 SET @OLD_CHARACTER_SET_CLIENT=@@CHARACTER_SET_CLIENT */;
/*!40101 SET @OLD_CHARACTER_SET_RESULTS=@@CHARACTER_SET_RESULTS */;
/*!40101 SET @OLD_COLLATION_CONNECTION=@@COLLATION_CONNECTION */;
/*!40101 SET NAMES utf8 */;
/*!40103 SET @OLD_TIME_ZONE=@@TIME_ZONE */;
/*!40103 SET TIME_ZONE='+00:00' */;
/*!40014 SET @OLD_UNIQUE_CHECKS=@@UNIQUE_CHECKS, UNIQUE_CHECKS=0 */;
/*!40014 SET @OLD_FOREIGN_KEY_CHECKS=@@FOREIGN_KEY_CHECKS, FOREIGN_KEY_CHECKS=0 */;
/*!40101 SET @OLD_SQL_MODE=@@SQL_MODE, SQL_MODE='NO_AUTO_VALUE_ON_ZERO' */;
/*!40111 SET @OLD_SQL_NOTES=@@SQL_NOTES, SQL_NOTES=0 */;

--
-- Table structure for table `customers`
--

DROP TABLE IF EXISTS `customers`;
/*!40101 SET @saved_cs_client     = @@character_set_client */;
/*!40101 SET character_set_client = utf8 */;
CREATE TABLE `customers` (
  `customerID` int(11) NOT NULL AUTO_INCREMENT,
  `name` varchar(30) NOT NULL,
  `address` varchar(50) NOT NULL,
  `phone` varchar(12) NOT NULL,
  PRIMARY KEY (`customerID`)
) ENGINE=InnoDB AUTO_INCREMENT=7 DEFAULT CHARSET=latin1;
/*!40101 SET character_set_client = @saved_cs_client */;

--
-- Dumping data for table `customers`
--

LOCK TABLES `customers` WRITE;
/*!40000 ALTER TABLE `customers` DISABLE KEYS */;
INSERT INTO `customers` VALUES (1,'Raj Gurung','Boudha','543-556-8790'),(2,'Sampada Shrestha','Baluwatar','896-656-7758'),(3,'Birendra Thapa','Chabahil','233-421-5664'),(4,'Nick Bista','Maharajgung','879-656-8442'),(5,'Ashutosh Regmi','Bhaktapur','841-223-6488'),(6,'Sonali Joshi','Koteshwor','635-883-3994');
/*!40000 ALTER TABLE `customers` ENABLE KEYS */;
UNLOCK TABLES;

--
-- Table structure for table `orders`
--

DROP TABLE IF EXISTS `orders`;
/*!40101 SET @saved_cs_client     = @@character_set_client */;
/*!40101 SET character_set_client = utf8 */;
CREATE TABLE `orders` (
  `orderID` int(11) NOT NULL AUTO_INCREMENT,
  `orderDate` date NOT NULL,
  `deliveryStatus` varchar(30) NOT NULL,
  `customer` int(11) NOT NULL,
  `product` int(11) NOT NULL,
  PRIMARY KEY (`orderID`),
  KEY `customer` (`customer`),
  KEY `product` (`product`),
  CONSTRAINT `orders_ibfk_1` FOREIGN KEY (`customer`) REFERENCES `customers` (`customerID`),
  CONSTRAINT `orders_ibfk_2` FOREIGN KEY (`product`) REFERENCES `products` (`productID`)
) ENGINE=InnoDB AUTO_INCREMENT=7 DEFAULT CHARSET=latin1;
/*!40101 SET character_set_client = @saved_cs_client */;

--
-- Dumping data for table `orders`
--

LOCK TABLES `orders` WRITE;
/*!40000 ALTER TABLE `orders` DISABLE KEYS */;
INSERT INTO `orders` VALUES (1,'2019-02-28','Delivered',2,1),(2,'2019-01-20','Returned',5,2),(3,'2019-02-12','Not Delivered',1,3),(4,'2019-03-03','Delivered',3,4),(5,'2019-03-07','Onging',4,5),(6,'2019-02-16','Not Delivered',6,6);
/*!40000 ALTER TABLE `orders` ENABLE KEYS */;
UNLOCK TABLES;

--
-- Table structure for table `payments`
--

DROP TABLE IF EXISTS `payments`;
/*!40101 SET @saved_cs_client     = @@character_set_client */;
/*!40101 SET character_set_client = utf8 */;
CREATE TABLE `payments` (
  `paymentID` int(11) NOT NULL AUTO_INCREMENT,
  `customer` int(11) NOT NULL,
  `paymentMethod` varchar(30) NOT NULL,
  `cardNumber` varchar(20) DEFAULT NULL,
  `cardExpiryDate` date DEFAULT NULL,
  PRIMARY KEY (`paymentID`),
  KEY `customer` (`customer`),
  CONSTRAINT `payments_ibfk_1` FOREIGN KEY (`customer`) REFERENCES `customers` (`customerID`)
) ENGINE=InnoDB AUTO_INCREMENT=7 DEFAULT CHARSET=latin1;
/*!40101 SET character_set_client = @saved_cs_client */;

--
-- Dumping data for table `payments`
--

LOCK TABLES `payments` WRITE;
/*!40000 ALTER TABLE `payments` DISABLE KEYS */;
INSERT INTO `payments` VALUES (1,2,'Cash','None','0000-00-00'),(2,5,'Credit Card','4760-7312-3456-7891','2019-12-03'),(3,1,'Cash','None','0000-00-00'),(4,3,'Credit Card','5466-1601-2645-5789','2022-02-05'),(5,4,'Credit Card','3759-8765-2043-0023','2021-05-13'),(6,6,'Cash','None','0000-00-00');
/*!40000 ALTER TABLE `payments` ENABLE KEYS */;
UNLOCK TABLES;

--
-- Table structure for table `products`
--

DROP TABLE IF EXISTS `products`;
/*!40101 SET @saved_cs_client     = @@character_set_client */;
/*!40101 SET character_set_client = utf8 */;
CREATE TABLE `products` (
  `productID` int(11) NOT NULL AUTO_INCREMENT,
  `name` varchar(30) NOT NULL,
  `price` int(11) NOT NULL,
  `details` varchar(100) NOT NULL,
  `supplier` int(11) NOT NULL,
  PRIMARY KEY (`productID`),
  KEY `supplier` (`supplier`),
  CONSTRAINT `products_ibfk_1` FOREIGN KEY (`supplier`) REFERENCES `suppliers` (`supplierID`)
) ENGINE=InnoDB AUTO_INCREMENT=7 DEFAULT CHARSET=latin1;
/*!40101 SET character_set_client = @saved_cs_client */;

--
-- Dumping data for table `products`
--

LOCK TABLES `products` WRITE;
/*!40000 ALTER TABLE `products` DISABLE KEYS */;
INSERT INTO `products` VALUES (1,'PS4',480,'Gaming Console',1),(2,'Inspiron 7577',1300,'Laptop',2),(3,'Strong Hold Gel',20,'Hair Cream',3),(4,'Denim Jeans',64,'Jeans Pant',4),(5,'Polo Shirt',40,'T-shirt',5),(6,'G-Shock 3300',129,'Watch',6);
/*!40000 ALTER TABLE `products` ENABLE KEYS */;
UNLOCK TABLES;

--
-- Table structure for table `suppliers`
--

DROP TABLE IF EXISTS `suppliers`;
/*!40101 SET @saved_cs_client     = @@character_set_client */;
/*!40101 SET character_set_client = utf8 */;
CREATE TABLE `suppliers` (
  `supplierID` int(11) NOT NULL AUTO_INCREMENT,
  `name` varchar(30) NOT NULL,
  `details` varchar(100) NOT NULL,
  PRIMARY KEY (`supplierID`)
) ENGINE=InnoDB AUTO_INCREMENT=7 DEFAULT CHARSET=latin1;
/*!40101 SET character_set_client = @saved_cs_client */;

--
-- Dumping data for table `suppliers`
--

LOCK TABLES `suppliers` WRITE;
/*!40000 ALTER TABLE `suppliers` DISABLE KEYS */;
INSERT INTO `suppliers` VALUES (1,'Sony','Consumer Electronics Company'),(2,'Dell','Electronics Company'),(3,'Gatsy','Hair Product Company'),(4,'Levis','Clothing Company'),(5,'Ralph Lauren','Clothing Brand'),(6,'Casio','Watch Brand');
/*!40000 ALTER TABLE `suppliers` ENABLE KEYS */;
UNLOCK TABLES;
/*!40103 SET TIME_ZONE=@OLD_TIME_ZONE */;

/*!40101 SET SQL_MODE=@OLD_SQL_MODE */;
/*!40014 SET FOREIGN_KEY_CHECKS=@OLD_FOREIGN_KEY_CHECKS */;
/*!40014 SET UNIQUE_CHECKS=@OLD_UNIQUE_CHECKS */;
/*!40101 SET CHARACTER_SET_CLIENT=@OLD_CHARACTER_SET_CLIENT */;
/*!40101 SET CHARACTER_SET_RESULTS=@OLD_CHARACTER_SET_RESULTS */;
/*!40101 SET COLLATION_CONNECTION=@OLD_COLLATION_CONNECTION */;
/*!40111 SET SQL_NOTES=@OLD_SQL_NOTES */;

-- Dump completed on 2019-03-22  9:57:24
